title:JAV All Kar,url:www.eporner.com/search/jav-hd/,picture:Pictures/2.jpg,key:yes
title:Japan All Kar,url:www.eporner.com/search/japanese/,picture:Pictures/3.jpg,key:yes
title:Japan Cute Girls All Kar,url:www.eporner.com/search/japan-cute/,picture:Pictures/4.jpg,key:yes
title:Chinese All Kar,url:www.eporner.com/search/chinese/,picture:Pictures/6.jpg,key:yes
title:Teen,url:www.eporner.com/search/teen-iZu2j4pb/,picture:Pictures/8.jpg,key:yes
title:Hot Girls,url:www.eporner.com/search/hot-girlfriend/,picture:Pictures/9.jpg,key:yes
title:Teacher,url:www.eporner.com/search/teacher/,picture:Pictures/10.jpg,key:yes
title:Massage,url:www.eporner.com/cat/massage/,picture:Pictures/11.jpg,key:yes
title:Hentai All Kar,url:www.eporner.com/cat/hentai/,picture:Pictures/12.jpg,key:yes
title:Nurse All Kar 2,url:www.eporner.com/cat/nurse/,picture:Pictures/13.jpg,key:yes
